week_end,ALBFR.PA,ALBFR.PA_price_date,BL,BL_price_date,BILL,BILL_price_date,NCNO,NCNO_price_date,WK,WK_price_date,^FCHI,^FCHI_price_date,^GSPC,^GSPC_price_date,^IXIC,^IXIC_price_date,^STOXX,^STOXX_price_date
2024-07-12,175,2024-07-12,47.9900016784668,2024-07-12,51.2599983215332,2024-07-12,31.360000610351562,2024-07-12,74.33000183105469,2024-07-12,7724.31982421875,2024-07-12,5615.35009765625,2024-07-12,18398.44921875,2024-07-12,524.0800170898438,2024-07-12
2024-07-19,180,2024-07-19,46.77000045776367,2024-07-19,53.61000061035156,2024-07-19,31.979999542236328,2024-07-19,72.08999633789062,2024-07-19,7534.52001953125,2024-07-19,5505,2024-07-19,17726.939453125,2024-07-19,510.0299987792969,2024-07-19
2024-07-26,194,2024-07-26,47.81999969482422,2024-07-26,52.83000183105469,2024-07-26,33.540000915527344,2024-07-26,74.5199966430664,2024-07-26,7517.68017578125,2024-07-26,5459.10009765625,2024-07-26,17357.880859375,2024-07-26,512.8300170898438,2024-07-26
2024-08-02,192.5,2024-08-02,45.56999969482422,2024-08-02,46.77000045776367,2024-08-02,31.450000762939453,2024-08-02,72.19000244140625,2024-08-02,7251.7998046875,2024-08-02,5346.56005859375,2024-08-02,16776.16015625,2024-08-02,497.8500061035156,2024-08-02
2024-08-09,203,2024-08-09,51.65999984741211,2024-08-09,46.939998626708984,2024-08-09,32.099998474121094,2024-08-09,74.62000274658203,2024-08-09,7269.7099609375,2024-08-09,5344.16015625,2024-08-09,16745.30078125,2024-08-09,499.19000244140625,2024-08-09
2024-08-16,205,2024-08-16,51.560001373291016,2024-08-16,49.119998931884766,2024-08-16,34.2400016784668,2024-08-16,78.19999694824219,2024-08-16,7449.7001953125,2024-08-16,5554.25,2024-08-16,17631.720703125,2024-08-16,511.45001220703125,2024-08-16
2024-08-23,225,2024-08-23,50.83000183105469,2024-08-23,47.34000015258789,2024-08-23,35,2024-08-23,79.63999938964844,2024-08-23,7577.0400390625,2024-08-23,5634.60986328125,2024-08-23,17877.7890625,2024-08-23,518.1300048828125,2024-08-23
2024-08-30,200,2024-08-30,49.54999923706055,2024-08-30,54.560001373291016,2024-08-30,29.959999084472656,2024-08-30,78.16999816894531,2024-08-30,7630.9501953125,2024-08-30,5648.39990234375,2024-08-30,17713.619140625,2024-08-30,525.0499877929688,2024-08-30
2024-09-06,202,2024-09-06,47.91999816894531,2024-09-06,55.060001373291016,2024-09-06,30.049999237060547,2024-09-06,73.08999633789062,2024-09-06,7352.2998046875,2024-09-06,5408.419921875,2024-09-06,16690.830078125,2024-09-06,506.55999755859375,2024-09-06
2024-09-13,200,2024-09-13,50.0099983215332,2024-09-13,51.90999984741211,2024-09-13,29.389999389648438,2024-09-13,74.7300033569336,2024-09-13,7465.25,2024-09-13,5626.02001953125,2024-09-13,17683.98046875,2024-09-13,515.9500122070312,2024-09-13
2024-09-20,213,2024-09-20,51.97999954223633,2024-09-20,54.2599983215332,2024-09-20,30.440000534057617,2024-09-20,79.16000366210938,2024-09-20,7500.259765625,2024-09-20,5702.5498046875,2024-09-20,17948.3203125,2024-09-20,514.260009765625,2024-09-20
2024-09-27,229,2024-09-27,52.849998474121094,2024-09-27,53.18000030517578,2024-09-27,31.290000915527344,2024-09-27,80.4800033569336,2024-09-27,7791.7900390625,2024-09-27,5738.169921875,2024-09-27,18119.58984375,2024-09-27,528.0800170898438,2024-09-27
2024-10-04,219,2024-10-04,54.5099983215332,2024-10-04,55.5099983215332,2024-10-04,30.969999313354492,2024-10-04,79.7300033569336,2024-10-04,7541.35986328125,2024-10-04,5751.06982421875,2024-10-04,18137.849609375,2024-10-04,518.5599975585938,2024-10-04
2024-10-11,222,2024-10-11,56.040000915527344,2024-10-11,55.81999969482422,2024-10-11,34.5099983215332,2024-10-11,79.08999633789062,2024-10-11,7577.89013671875,2024-10-11,5815.02978515625,2024-10-11,18342.939453125,2024-10-11,521.97998046875,2024-10-11
2024-10-18,224,2024-10-18,58.93000030517578,2024-10-18,57.77000045776367,2024-10-18,36.58000183105469,2024-10-18,81.5199966430664,2024-10-18,7613.0498046875,2024-10-18,5864.669921875,2024-10-18,18489.55078125,2024-10-18,524.989990234375,2024-10-18
2024-10-25,228,2024-10-25,56.56999969482422,2024-10-25,54.77000045776367,2024-10-25,37.83000183105469,2024-10-25,78.77999877929688,2024-10-25,7497.5400390625,2024-10-25,5808.1201171875,2024-10-25,18518.609375,2024-10-25,518.8099975585938,2024-10-25
2024-11-01,221,2024-11-01,55.5099983215332,2024-11-01,58.2599983215332,2024-11-01,37.33000183105469,2024-11-01,79.16999816894531,2024-11-01,7409.10986328125,2024-11-01,5728.7998046875,2024-11-01,18239.919921875,2024-11-01,510.8999938964844,2024-11-01
2024-11-08,226,2024-11-08,60.369998931884766,2024-11-08,77.30999755859375,2024-11-08,42.529998779296875,2024-11-08,94.75,2024-11-08,7338.669921875,2024-11-08,5995.5400390625,2024-11-08,19286.779296875,2024-11-08,506.6300048828125,2024-11-08
2024-11-15,228,2024-11-15,59.310001373291016,2024-11-15,84.69000244140625,2024-11-15,40.220001220703125,2024-11-15,91.27999877929688,2024-11-15,7269.6298828125,2024-11-15,5870.6201171875,2024-11-15,18680.119140625,2024-11-15,503.1199951171875,2024-11-15
2024-11-22,227,2024-11-22,62.70000076293945,2024-11-22,91.51000213623047,2024-11-22,41.41999816894531,2024-11-22,95.62000274658203,2024-11-22,7255.009765625,2024-11-22,5969.33984375,2024-11-22,19003.650390625,2024-11-22,508.4700012207031,2024-11-22
2024-11-29,224,2024-11-29,62.0099983215332,2024-11-29,90.22000122070312,2024-11-29,41.9900016784668,2024-11-29,97.25,2024-11-29,7235.10986328125,2024-11-29,6032.3798828125,2024-11-29,19218.169921875,2024-11-29,510.25,2024-11-29
2024-12-06,219,2024-12-06,64.2300033569336,2024-12-06,97.41000366210938,2024-12-06,37.40999984741211,2024-12-06,102.86000061035156,2024-12-06,7426.8798828125,2024-12-06,6090.27001953125,2024-12-06,19859.76953125,2024-12-06,520.469970703125,2024-12-06
2024-12-13,223,2024-12-13,63.86000061035156,2024-12-13,87.83999633789062,2024-12-13,35.459999084472656,2024-12-13,103.87000274658203,2024-12-13,7409.56982421875,2024-12-13,6051.08984375,2024-12-13,19926.720703125,2024-12-13,516.4500122070312,2024-12-13
2024-12-20,228,2024-12-20,63.43000030517578,2024-12-20,89.5199966430664,2024-12-20,35.220001220703125,2024-12-20,114.77999877929688,2024-12-20,7274.47998046875,2024-12-20,5930.85009765625,2024-12-20,19572.599609375,2024-12-20,502.19000244140625,2024-12-20
2024-12-27,222,2024-12-27,61.20000076293945,2024-12-27,86.94000244140625,2024-12-27,34.43000030517578,2024-12-27,111.12999725341797,2024-12-27,7355.3701171875,2024-12-27,5970.83984375,2024-12-27,19722.029296875,2024-12-27,507.17999267578125,2024-12-27
2025-01-03,224,2025-01-03,61.63999938964844,2025-01-03,88.23999786376953,2025-01-03,34.06999969482422,2025-01-03,111.3499984741211,2025-01-03,7282.22021484375,2025-01-03,5942.47021484375,2025-01-03,19621.6796875,2025-01-03,508.19000244140625,2025-01-03
2025-01-10,234,2025-01-10,55.65999984741211,2025-01-10,83.19999694824219,2025-01-10,32.540000915527344,2025-01-10,105.86000061035156,2025-01-10,7431.0400390625,2025-01-10,5827.0400390625,2025-01-10,19161.630859375,2025-01-10,511.5,2025-01-10
2025-01-17,227,2025-01-17,59.650001525878906,2025-01-17,88.9000015258789,2025-01-17,33.2400016784668,2025-01-17,112.02999877929688,2025-01-17,7709.75,2025-01-17,5996.66015625,2025-01-17,19630.19921875,2025-01-17,523.6199951171875,2025-01-17
2025-01-24,243,2025-01-24,60.459999084472656,2025-01-24,93.87999725341797,2025-01-24,32.56999969482422,2025-01-24,97,2025-01-24,7927.6201171875,2025-01-24,6101.240234375,2025-01-24,19954.30078125,2025-01-24,530.0700073242188,2025-01-24
2025-01-31,253,2025-01-31,63.849998474121094,2025-01-31,96.7699966430664,2025-01-31,34.0099983215332,2025-01-31,98.22000122070312,2025-01-31,7950.169921875,2025-01-31,6040.52978515625,2025-01-31,19627.439453125,2025-01-31,539.530029296875,2025-01-31
2025-02-07,255,2025-02-07,64.62999725341797,2025-02-07,62.130001068115234,2025-02-07,32.439998626708984,2025-02-07,98.91999816894531,2025-02-07,7973.02978515625,2025-02-07,6025.990234375,2025-02-07,19523.400390625,2025-02-07,542.75,2025-02-07
2025-02-14,252,2025-02-14,51.369998931884766,2025-02-14,59.81999969482422,2025-02-14,34.25,2025-02-14,89.08000183105469,2025-02-14,8178.5400390625,2025-02-14,6114.6298828125,2025-02-14,20026.76953125,2025-02-14,552.4099731445312,2025-02-14
2025-02-21,261,2025-02-21,49.099998474121094,2025-02-21,52.72999954223633,2025-02-21,32.060001373291016,2025-02-21,84.43000030517578,2025-02-21,8154.509765625,2025-02-21,6013.1298828125,2025-02-21,19524.009765625,2025-02-21,553.8499755859375,2025-02-21
2025-02-28,268,2025-02-28,48.29999923706055,2025-02-28,55.20000076293945,2025-02-28,31.309999465942383,2025-02-28,87.5199966430664,2025-02-28,8111.6298828125,2025-02-28,5954.5,2025-02-28,18847.279296875,2025-02-28,557.1900024414062,2025-02-28
2025-03-07,258,2025-03-07,48.880001068115234,2025-03-07,47.2400016784668,2025-03-07,30.530000686645508,2025-03-07,85.87000274658203,2025-03-07,8120.7998046875,2025-03-07,5770.2001953125,2025-03-07,18196.220703125,2025-03-07,553.3499755859375,2025-03-07
2025-03-14,255,2025-03-14,49.88999938964844,2025-03-14,46.41999816894531,2025-03-14,28.34000015258789,2025-03-14,87.54000091552734,2025-03-14,8028.27978515625,2025-03-14,5638.93994140625,2025-03-14,17754.08984375,2025-03-14,546.5999755859375,2025-03-14
2025-03-21,246,2025-03-21,50.290000915527344,2025-03-21,47.91999816894531,2025-03-21,28.5,2025-03-21,87.2300033569336,2025-03-21,8042.9501953125,2025-03-21,5667.56005859375,2025-03-21,17784.05078125,2025-03-21,549.6699829101562,2025-03-21
2025-03-28,242,2025-03-28,48.810001373291016,2025-03-28,46.25,2025-03-28,28.920000076293945,2025-03-28,78.7300033569336,2025-03-28,7916.080078125,2025-03-28,5580.93994140625,2025-03-28,17322.990234375,2025-03-28,542.0999755859375,2025-03-28
2025-04-04,227,2025-04-04,44.099998474121094,2025-04-04,39.540000915527344,2025-04-04,21.450000762939453,2025-04-04,67.56999969482422,2025-04-04,7274.9501953125,2025-04-04,5074.080078125,2025-04-04,15587.7900390625,2025-04-04,496.3299865722656,2025-04-04
2025-04-11,236.10000610351562,2025-04-11,45.59000015258789,2025-04-11,41.58000183105469,2025-04-11,23.860000610351562,2025-04-11,66.41000366210938,2025-04-11,7104.7998046875,2025-04-11,5363.35986328125,2025-04-11,16724.4609375,2025-04-11,486.79998779296875,2025-04-11
2025-04-18,213,2025-04-17,44.439998626708984,2025-04-17,40.61000061035156,2025-04-17,23.950000762939453,2025-04-17,67.62999725341797,2025-04-17,7285.85986328125,2025-04-17,5282.7001953125,2025-04-17,16286.4501953125,2025-04-17,506.4200134277344,2025-04-17
2025-04-25,225,2025-04-25,47.220001220703125,2025-04-25,45.22999954223633,2025-04-25,23.040000915527344,2025-04-25,73.62000274658203,2025-04-25,7536.259765625,2025-04-25,5525.2099609375,2025-04-25,17382.939453125,2025-04-25,520.4500122070312,2025-04-25
2025-05-02,228,2025-05-02,47.27000045776367,2025-05-02,45.29999923706055,2025-05-02,22.959999084472656,2025-05-02,67.41000366210938,2025-05-02,7770.47998046875,2025-05-02,5686.669921875,2025-05-02,17977.73046875,2025-05-02,536.4299926757812,2025-05-02
2025-05-09,242.35000610351562,2025-05-09,53.22999954223633,2025-05-09,44.720001220703125,2025-05-09,24.030000686645508,2025-05-09,67.56999969482422,2025-05-09,7743.75,2025-05-09,5659.91015625,2025-05-09,17928.919921875,2025-05-09,537.9600219726562,2025-05-09
2025-05-16,264,2025-05-16,55.540000915527344,2025-05-16,46.2599983215332,2025-05-16,24.600000381469727,2025-05-16,71.45999908447266,2025-05-16,7886.68994140625,2025-05-16,5958.3798828125,2025-05-16,19211.099609375,2025-05-16,549.260009765625,2025-05-16
2025-05-23,258,2025-05-23,54.15999984741211,2025-05-23,44.400001525878906,2025-05-23,26.260000228881836,2025-05-23,67.16000366210938,2025-05-23,7734.39990234375,2025-05-23,5802.81982421875,2025-05-23,18737.2109375,2025-05-23,545.1300048828125,2025-05-23
2025-05-30,254,2025-05-30,55.93000030517578,2025-05-30,43.68000030517578,2025-05-30,26.299999237060547,2025-05-30,67.29000091552734,2025-05-30,7751.89013671875,2025-05-30,5911.68994140625,2025-05-30,19113.76953125,2025-05-30,548.6699829101562,2025-05-30
2025-06-06,279,2025-06-06,57.349998474121094,2025-06-06,45.619998931884766,2025-06-06,27.31999969482422,2025-06-06,69.20999908447266,2025-06-06,7804.8701171875,2025-06-06,6000.35986328125,2025-06-06,19529.94921875,2025-06-06,553.6400146484375,2025-06-06
2025-06-13,263,2025-06-13,54.060001373291016,2025-06-13,41.400001525878906,2025-06-13,26.989999771118164,2025-06-13,65.7300033569336,2025-06-13,7684.68017578125,2025-06-13,5976.97021484375,2025-06-13,19406.830078125,2025-06-13,544.9400024414062,2025-06-13
2025-06-20,267,2025-06-20,54.779998779296875,2025-06-20,43.70000076293945,2025-06-20,26.450000762939453,2025-06-20,65.4000015258789,2025-06-20,7589.66015625,2025-06-20,5967.83984375,2025-06-20,19447.41015625,2025-06-20,536.530029296875,2025-06-20
2025-06-27,255,2025-06-27,56.63999938964844,2025-06-27,45.56999969482422,2025-06-27,27.65999984741211,2025-06-27,65.81999969482422,2025-06-27,7691.5498046875,2025-06-27,6173.06982421875,2025-06-27,20273.4609375,2025-06-27,543.6300048828125,2025-06-27
2025-07-04,249,2025-07-04,57.810001373291016,2025-07-03,48.209999084472656,2025-07-03,28.700000762939453,2025-07-03,69.22000122070312,2025-07-03,7696.27001953125,2025-07-04,6279.35009765625,2025-07-03,20601.099609375,2025-07-03,541.1300048828125,2025-07-04
2025-07-11,242,2025-07-11,53.650001525878906,2025-07-11,44.72999954223633,2025-07-11,28.81999969482422,2025-07-11,67.13999938964844,2025-07-11,7829.2900390625,2025-07-11,6259.75,2025-07-11,20585.529296875,2025-07-11,547.3400268554688,2025-07-11
2025-07-18,229,2025-07-18,56.560001373291016,2025-07-18,45.86000061035156,2025-07-18,30.610000610351562,2025-07-18,66.51000213623047,2025-07-18,7822.669921875,2025-07-18,6296.7900390625,2025-07-18,20895.650390625,2025-07-18,547,2025-07-18
2025-07-25,229,2025-07-25,56,2025-07-25,45.91999816894531,2025-07-25,30.799999237060547,2025-07-25,67.98999786376953,2025-07-25,7834.580078125,2025-07-25,6388.64013671875,2025-07-25,21108.3203125,2025-07-25,549.9500122070312,2025-07-25
2025-08-01,218,2025-08-01,52.93000030517578,2025-08-01,41.72999954223633,2025-08-01,27.149999618530273,2025-08-01,84.30000305175781,2025-08-01,7546.16015625,2025-08-01,6238.009765625,2025-08-01,20650.130859375,2025-08-01,546.1099853515625,2025-07-31
2025-08-08,212,2025-08-08,48.349998474121094,2025-08-08,40.7400016784668,2025-08-08,26.190000534057617,2025-08-08,73.55999755859375,2025-08-08,7743,2025-08-08,6389.4501953125,2025-08-08,21450.01953125,2025-08-08,547.0800170898438,2025-08-08
2025-08-15,208,2025-08-15,50.83000183105469,2025-08-15,40.439998626708984,2025-08-15,27.75,2025-08-15,74.75,2025-08-15,7923.4501953125,2025-08-15,6449.7998046875,2025-08-15,21622.98046875,2025-08-15,553.5599975585938,2025-08-15
2025-08-22,213,2025-08-22,53.97999954223633,2025-08-22,42.290000915527344,2025-08-22,29.079999923706055,2025-08-22,79.9800033569336,2025-08-22,7969.68994140625,2025-08-22,6466.91015625,2025-08-22,21496.5390625,2025-08-22,561.2999877929688,2025-08-22
2025-08-29,226,2025-08-29,54.369998931884766,2025-08-29,46.41999816894531,2025-08-29,32.11000061035156,2025-08-29,82.23999786376953,2025-08-29,7703.89990234375,2025-08-29,6460.259765625,2025-08-29,21455.55078125,2025-08-29,550.1400146484375,2025-08-29
2025-09-05,205,2025-09-05,53.61000061035156,2025-09-05,51.540000915527344,2025-09-05,30.399999618530273,2025-09-05,79.93000030517578,2025-09-05,7674.77978515625,2025-09-05,6481.5,2025-09-05,21700.390625,2025-09-05,549.2100219726562,2025-09-05
2025-09-12,206,2025-09-12,54.290000915527344,2025-09-12,51.06999969482422,2025-09-12,30.09000015258789,2025-09-12,77.4800033569336,2025-09-12,7825.240234375,2025-09-12,6584.2900390625,2025-09-12,22141.099609375,2025-09-12,554.8400268554688,2025-09-12
2025-09-19,231,2025-09-19,53.0099983215332,2025-09-19,52.34000015258789,2025-09-19,29.6299991607666,2025-09-19,79.66000366210938,2025-09-19,7853.58984375,2025-09-19,6664.35986328125,2025-09-19,22631.48046875,2025-09-19,554.1199951171875,2025-09-19
2025-09-26,234,2025-09-26,52.84000015258789,2025-09-26,54.18000030517578,2025-09-26,27.979999542236328,2025-09-26,85.79000091552734,2025-09-26,7870.68017578125,2025-09-26,6643.7001953125,2025-09-26,22484.0703125,2025-09-26,554.52001953125,2025-09-26
2025-10-03,245,2025-10-03,51.61000061035156,2025-10-03,53.34000015258789,2025-10-03,26.229999542236328,2025-10-03,87.80000305175781,2025-10-03,8081.5400390625,2025-10-03,6715.7900390625,2025-10-03,22780.509765625,2025-10-03,570.4500122070312,2025-10-03
2025-10-10,239,2025-10-10,49.09000015258789,2025-10-10,49.34000015258789,2025-10-10,25.020000457763672,2025-10-10,86.95999908447266,2025-10-10,7918,2025-10-10,6552.509765625,2025-10-10,22204.4296875,2025-10-10,564.1599731445312,2025-10-10
2025-10-17,258,2025-10-17,49.81999969482422,2025-10-17,51.08000183105469,2025-10-17,23.760000228881836,2025-10-17,87.79000091552734,2025-10-17,8174.2001953125,2025-10-17,6664.009765625,2025-10-17,22679.970703125,2025-10-17,566.239990234375,2025-10-17
2025-10-24,239,2025-10-24,52.560001373291016,2025-10-24,51.209999084472656,2025-10-24,26.06999969482422,2025-10-24,89.19000244140625,2025-10-24,8225.6298828125,2025-10-24,6791.68994140625,2025-10-24,23204.869140625,2025-10-24,575.760009765625,2025-10-24
2025-10-31,230,2025-10-31,57.25,2025-10-31,49.65999984741211,2025-10-31,26.68000030517578,2025-10-31,85.01000213623047,2025-10-31,8121.06982421875,2025-10-31,6840.2001953125,2025-10-31,23724.9609375,2025-10-31,571.8900146484375,2025-10-31
2025-11-07,226,2025-11-07,53.58000183105469,2025-11-07,45.59000015258789,2025-11-07,26.059999465942383,2025-11-07,89,2025-11-07,7950.18017578125,2025-11-07,6728.7998046875,2025-11-07,23004.5390625,2025-11-07,564.7899780273438,2025-11-07
2025-11-14,247,2025-11-14,54.66999816894531,2025-11-14,50.349998474121094,2025-11-14,25.520000457763672,2025-11-14,91.02999877929688,2025-11-14,8170.08984375,2025-11-14,6734.10986328125,2025-11-14,22900.58984375,2025-11-14,574.8099975585938,2025-11-14
2025-11-21,246,2025-11-21,54.86000061035156,2025-11-21,48.189998626708984,2025-11-21,24.389999389648438,2025-11-21,90.51000213623047,2025-11-21,7982.64990234375,2025-11-21,6602.990234375,2025-11-21,22273.080078125,2025-11-21,562.0999755859375,2025-11-21
2025-11-28,247,2025-11-28,56.9900016784668,2025-11-28,50.150001525878906,2025-11-28,24.700000762939453,2025-11-28,92.55999755859375,2025-11-28,8122.7099609375,2025-11-28,6849.08984375,2025-11-28,23365.689453125,2025-11-28,576.4299926757812,2025-11-28
2025-12-05,247,2025-12-05,57.9900016784668,2025-12-05,53.45000076293945,2025-12-05,23.389999389648438,2025-12-05,92.37000274658203,2025-12-05,8114.740234375,2025-12-05,6870.39990234375,2025-12-05,23578.130859375,2025-12-05,578.77001953125,2025-12-05
2025-12-12,261,2025-12-12,58.66999816894531,2025-12-12,54.54999923706055,2025-12-12,25.469999313354492,2025-12-12,87.33000183105469,2025-12-12,8068.6201171875,2025-12-12,6827.41015625,2025-12-12,23195.169921875,2025-12-12,578.239990234375,2025-12-12
2025-12-19,244,2025-12-19,57.84000015258789,2025-12-19,55.97999954223633,2025-12-19,25.68000030517578,2025-12-19,87.93000030517578,2025-12-19,8151.3798828125,2025-12-19,6834.5,2025-12-19,23307.619140625,2025-12-19,587.5,2025-12-19
2025-12-26,239,2025-12-24,57.7599983215332,2025-12-26,55.22999954223633,2025-12-26,26.290000915527344,2025-12-26,87.44999694824219,2025-12-26,8103.580078125,2025-12-24,6929.93994140625,2025-12-26,23593.099609375,2025-12-26,588.72998046875,2025-12-23
2026-01-02,243,2026-01-02,53.779998779296875,2026-01-02,50.560001373291016,2026-01-02,24.649999618530273,2026-01-02,82.97000122070312,2026-01-02,8195.2099609375,2026-01-02,6858.47021484375,2026-01-02,23235.630859375,2026-01-02,592.780029296875,2025-12-30
2026-01-09,230,2026-01-09,56.59000015258789,2026-01-09,54.47999954223633,2026-01-09,25.600000381469727,2026-01-09,89.51000213623047,2026-01-09,8362.08984375,2026-01-09,6966.27978515625,2026-01-09,23671.349609375,2026-01-09,609.6699829101562,2026-01-09
2026-01-16,213,2026-01-16,52.650001525878906,2026-01-16,46.599998474121094,2026-01-16,24.25,2026-01-16,85.72000122070312,2026-01-16,8258.9404296875,2026-01-16,6940.009765625,2026-01-16,23515.390625,2026-01-16,614.3800048828125,2026-01-16
2026-01-23,182,2026-01-23,53.08000183105469,2026-01-23,48.45000076293945,2026-01-23,24.299999237060547,2026-01-23,81.44000244140625,2026-01-23,8143.0498046875,2026-01-23,6915.60986328125,2026-01-23,23501.240234375,2026-01-23,608.3400268554688,2026-01-23
2026-01-30,155.5,2026-01-30,46.470001220703125,2026-01-30,43.16999816894531,2026-01-30,21.350000381469727,2026-01-30,77.0199966430664,2026-01-30,8126.52978515625,2026-01-30,6939.02978515625,2026-01-30,23461.8203125,2026-01-30,611,2026-01-30
2026-02-06,141,2026-02-06,43.849998474121094,2026-02-06,48.939998626708984,2026-02-06,18.149999618530273,2026-02-06,69.8499984741211,2026-02-06,8273.83984375,2026-02-06,6932.2998046875,2026-02-06,23031.2109375,2026-02-06,617.1199951171875,2026-02-06
2026-02-13,124,2026-02-13,38.61000061035156,2026-02-13,46.9900016784668,2026-02-13,16.139999389648438,2026-02-13,61.93000030517578,2026-02-13,8311.740234375,2026-02-13,6836.169921875,2026-02-13,22546.669921875,2026-02-13,617.7000122070312,2026-02-13
2026-02-20,119.5,2026-02-20,36.150001525878906,2026-02-20,46.20000076293945,2026-02-20,15.619999885559082,2026-02-20,61.43000030517578,2026-02-20,8515.490234375,2026-02-20,6909.509765625,2026-02-20,22886.0703125,2026-02-20,630.5599975585938,2026-02-20
2026-02-27,115,2026-02-27,35.25,2026-02-27,44.5099983215332,2026-02-27,16.139999389648438,2026-02-27,61.58000183105469,2026-02-27,8580.75,2026-02-27,6878.8798828125,2026-02-27,22668.2109375,2026-02-27,633.8499755859375,2026-02-27
2026-03-06,131,2026-03-06,37.369998931884766,2026-03-06,45.060001373291016,2026-03-06,16.81999969482422,2026-03-06,64.9000015258789,2026-03-06,7993.490234375,2026-03-06,6740.02001953125,2026-03-06,22387.6796875,2026-03-06,598.6900024414062,2026-03-06
2026-03-13,141,2026-03-13,36.880001068115234,2026-03-13,39.790000915527344,2026-03-13,15.069999694824219,2026-03-13,61.59000015258789,2026-03-13,7911.52978515625,2026-03-13,6632.18994140625,2026-03-13,22105.359375,2026-03-13,595.8499755859375,2026-03-13
2026-03-20,140.5,2026-03-20,39.11000061035156,2026-03-20,39.849998474121094,2026-03-20,15.199999809265137,2026-03-20,60.7400016784668,2026-03-20,7665.6201171875,2026-03-20,6506.47998046875,2026-03-20,21647.609375,2026-03-20,573.280029296875,2026-03-20
2026-03-27,133,2026-03-27,36.04999923706055,2026-03-27,37,2026-03-27,14.010000228881836,2026-03-27,57.83000183105469,2026-03-27,7701.9501953125,2026-03-27,6368.85009765625,2026-03-27,20948.359375,2026-03-27,575.2999877929688,2026-03-27
2026-04-03,151,2026-04-02,36.290000915527344,2026-04-02,38.630001068115234,2026-04-02,17.100000381469727,2026-04-02,60,2026-04-02,7962.39013671875,2026-04-02,6582.68994140625,2026-04-02,21879.1796875,2026-04-02,596.6300048828125,2026-04-02
2026-04-10,161,2026-04-10,30.290000915527344,2026-04-10,34.709999084472656,2026-04-10,17.450000762939453,2026-04-10,52.36000061035156,2026-04-10,8259.599609375,2026-04-10,6816.89013671875,2026-04-10,22902.890625,2026-04-10,614.8400268554688,2026-04-10
2026-04-17,154,2026-04-17,31.510000228881836,2026-04-17,38.810001373291016,2026-04-17,18.459999084472656,2026-04-17,57.34000015258789,2026-04-17,8425.1298828125,2026-04-17,7126.06005859375,2026-04-17,24468.48046875,2026-04-17,626.5800170898438,2026-04-17
2026-04-24,168.8000030517578,2026-04-24,30.639999389648438,2026-04-24,37.189998626708984,2026-04-24,17.68000030517578,2026-04-24,53.150001525878906,2026-04-24,8157.81982421875,2026-04-24,7165.080078125,2026-04-24,24836.599609375,2026-04-24,610.6500244140625,2026-04-24
2026-05-01,169,2026-04-30,33.90999984741211,2026-05-01,39.06999969482422,2026-05-01,18.1299991607666,2026-05-01,54.7599983215332,2026-05-01,8114.83984375,2026-04-30,7230.1201171875,2026-05-01,25114.439453125,2026-05-01,611.280029296875,2026-04-30
2026-05-08,160.8000030517578,2026-05-08,30.6299991607666,2026-05-08,41.83000183105469,2026-05-08,17.75,2026-05-08,51.290000915527344,2026-05-08,8112.56982421875,2026-05-08,7398.93017578125,2026-05-08,26247.080078125,2026-05-08,612.1400146484375,2026-05-08
2026-05-15,165,2026-05-15,27.25,2026-05-15,40.06999969482422,2026-05-15,14.970000267028809,2026-05-15,47.400001525878906,2026-05-15,7952.5498046875,2026-05-15,7408.5,2026-05-15,26225.140625,2026-05-15,606.9199829101562,2026-05-15
2026-05-22,171.39999389648438,2026-05-22,28.899999618530273,2026-05-22,36.13999938964844,2026-05-22,16.06999969482422,2026-05-22,50.310001373291016,2026-05-22,8115.75,2026-05-22,7473.47021484375,2026-05-22,26343.970703125,2026-05-22,625.1199951171875,2026-05-22
2026-05-29,167.8000030517578,2026-05-29,29.399999618530273,2026-05-29,37.02000045776367,2026-05-29,16.079999923706055,2026-05-29,49.779998779296875,2026-05-29,8183.33984375,2026-05-29,7580.06005859375,2026-05-29,26972.619140625,2026-05-29,626,2026-05-29
2026-06-05,172,2026-06-05,28.65999984741211,2026-06-05,35.970001220703125,2026-06-05,14.920000076293945,2026-06-05,49.130001068115234,2026-06-05,8218.240234375,2026-06-05,7383.740234375,2026-06-05,25709.4296875,2026-06-05,622.6599731445312,2026-06-05
2026-06-12,165.1999969482422,2026-06-12,28.729999542236328,2026-06-12,33.18000030517578,2026-06-12,15.319999694824219,2026-06-12,48.93000030517578,2026-06-12,8350.8701171875,2026-06-12,7431.4599609375,2026-06-12,25888.83984375,2026-06-12,633.2100219726562,2026-06-12
2026-06-19,160,2026-06-19,26.770000457763672,2026-06-18,32.470001220703125,2026-06-18,14.800000190734863,2026-06-18,47.369998931884766,2026-06-18,8421.1396484375,2026-06-19,7500.580078125,2026-06-18,26517.9296875,2026-06-18,635.6099853515625,2026-06-19
2026-06-26,173,2026-06-26,28.34000015258789,2026-06-26,35.52000045776367,2026-06-26,15.630000114440918,2026-06-26,49.04999923706055,2026-06-26,8384.8701171875,2026-06-26,7354.02001953125,2026-06-26,25297.619140625,2026-06-26,635.8800048828125,2026-06-26
2026-07-03,179.1999969482422,2026-07-03,29.8799991607666,2026-07-02,40.47999954223633,2026-07-02,17.75,2026-07-02,51.93000030517578,2026-07-02,8508.0703125,2026-07-03,7483.240234375,2026-07-02,25832.669921875,2026-07-02,652.77001953125,2026-07-03
2026-07-10,175.1999969482422,2026-07-10,29.1299991607666,2026-07-10,41.36000061035156,2026-07-10,16.989999771118164,2026-07-10,52.16999816894531,2026-07-10,8338.9697265625,2026-07-10,7575.39013671875,2026-07-10,26281.609375,2026-07-10,641.0999755859375,2026-07-10
