date,open,high,low,close,adj_close,volume
2024-07-08,516.5700073242188,519.7999877929688,515.5599975585938,516.4299926757812,516.4299926757812,164972400
2024-07-09,515.5999755859375,516.469970703125,511.1300048828125,511.760009765625,511.760009765625,199253600
2024-07-10,511.8699951171875,516.530029296875,511.8699951171875,516.4199829101562,516.4199829101562,175809400
2024-07-11,517.3599853515625,520.6199951171875,516.8599853515625,519.510009765625,519.510009765625,157804100
2024-07-12,519.75,524.75,519.75,524.0800170898438,524.0800170898438,142881400
2024-07-15,522.8699951171875,524.0800170898438,518.6400146484375,518.72998046875,518.72998046875,134326800
2024-07-16,517.780029296875,517.780029296875,515.4000244140625,517.2999877929688,517.2999877929688,143538800
2024-07-17,516.3200073242188,516.4299926757812,512.7899780273438,514.8300170898438,514.8300170898438,167887500
2024-07-18,515.8599853515625,518.280029296875,514.010009765625,514.010009765625,514.010009765625,158938200
2024-07-19,513.0499877929688,513.0499877929688,509.6199951171875,510.0299987792969,510.0299987792969,163072700
2024-07-22,511.2300109863281,516.760009765625,511.2300109863281,514.7899780273438,514.7899780273438,192642000
2024-07-23,515.239990234375,518.030029296875,513.5800170898438,515.469970703125,515.469970703125,206461500
2024-07-24,513.6500244140625,513.9400024414062,510.760009765625,512.2999877929688,512.2999877929688,165132800
2024-07-25,510.2300109863281,510.2300109863281,503.7799987792969,508.6300048828125,508.6300048828125,217161900
2024-07-26,508.239990234375,513.3599853515625,508.2300109863281,512.8300170898438,512.8300170898438,149444700
2024-07-29,513.6799926757812,515.6500244140625,511.4800109863281,511.7900085449219,511.7900085449219,151500800
2024-07-30,512.6599731445312,515.780029296875,512.1900024414062,514.0800170898438,514.0800170898438,163083100
2024-07-31,514.280029296875,519.4199829101562,514.280029296875,518.1799926757812,518.1799926757812,191950300
2024-08-02,509.8900146484375,509.8900146484375,496.8599853515625,497.8500061035156,497.8500061035156,277542400
2024-08-05,493.4800109863281,493.4800109863281,479.8299865722656,487.04998779296875,487.04998779296875,340070800
2024-08-06,489.2900085449219,491.92999267578125,484.4100036621094,488.44000244140625,488.44000244140625,250044700
2024-08-07,490.1499938964844,497.25,489.75,495.9599914550781,495.9599914550781,196906400
2024-08-08,495.1300048828125,496.8800048828125,490.0199890136719,496.3699951171875,496.3699951171875,164379900
2024-08-09,497.4599914550781,501.2900085449219,496.3800048828125,499.19000244140625,499.19000244140625,157499900
2024-08-12,499.79998779296875,501.5400085449219,498.19000244140625,499.0799865722656,499.0799865722656,228381700
2024-08-13,499.82000732421875,501.7300109863281,497.57000732421875,501.6600036621094,501.6600036621094,130957400
2024-08-14,502.05999755859375,504.17999267578125,502.05999755859375,504.1000061035156,504.1000061035156,135989000
2024-08-15,504.8500061035156,510.5,504.3599853515625,509.8800048828125,509.8800048828125,164675200
2024-08-16,510.54998779296875,512.5599975585938,509.95001220703125,511.45001220703125,511.45001220703125,143229500
2024-08-19,511.4200134277344,515.4600219726562,510.9800109863281,514.5900268554688,514.5900268554688,155311100
2024-08-20,514.72998046875,515.780029296875,512.1799926757812,512.27001953125,512.27001953125,126732600
2024-08-21,512.4400024414062,514.6500244140625,512.3200073242188,513.9500122070312,513.9500122070312,149465800
2024-08-22,514.239990234375,517.280029296875,514.239990234375,515.739990234375,515.739990234375,147796100
2024-08-23,516.1199951171875,518.72998046875,515.8599853515625,518.1300048828125,518.1300048828125,129478200
2024-08-26,518.219970703125,518.9500122070312,517.5700073242188,518.0499877929688,518.0499877929688,66324800
2024-08-27,518.3099975585938,519.9199829101562,517.72998046875,518.8800048828125,518.8800048828125,162515000
2024-08-28,519.489990234375,521.7899780273438,519.489990234375,520.5999755859375,520.5999755859375,133897100
2024-08-29,520.7899780273438,524.75,520.7899780273438,524.5700073242188,524.5700073242188,148180000
2024-08-30,524.530029296875,526.6599731445312,524.530029296875,525.0499877929688,525.0499877929688,244291200
2024-09-02,524.8300170898438,525.0399780273438,521.8800048828125,524.9400024414062,524.9400024414062,117193700
2024-09-03,525,525.5999755859375,519.1799926757812,519.8400268554688,519.8400268554688,201780000
2024-09-04,516.8800048828125,516.8800048828125,513.27001953125,514.8200073242188,514.8200073242188,162179100
2024-09-05,514.1300048828125,515.3800048828125,512.0499877929688,512.0499877929688,512.0499877929688,163451500
2024-09-06,511.2200012207031,514.0900268554688,506.1099853515625,506.55999755859375,506.55999755859375,174344900
2024-09-09,507.3900146484375,511.9100036621094,507.3900146484375,510.70001220703125,510.70001220703125,139516200
2024-09-10,510.69000244140625,512.280029296875,507.1000061035156,507.95001220703125,507.95001220703125,173871600
2024-09-11,508.2799987792969,511.5400085449219,506,508.0199890136719,508.0199890136719,179278100
2024-09-12,510.70001220703125,514.530029296875,509.6300048828125,512.0800170898438,512.0800170898438,239934500
2024-09-13,512.8699951171875,517.0700073242188,512.8699951171875,515.9500122070312,515.9500122070312,155154400
2024-09-16,514.7100219726562,516.510009765625,513.989990234375,515.1099853515625,515.1099853515625,141460900
2024-09-17,516.0700073242188,519.2899780273438,516.0700073242188,517.1900024414062,517.1900024414062,191473400
2024-09-18,517.1099853515625,517.1099853515625,514.25,514.5900268554688,514.5900268554688,189459800
2024-09-19,516.97998046875,522.3099975585938,516.97998046875,521.6699829101562,521.6699829101562,219860700
2024-09-20,520.760009765625,520.760009765625,513.8699951171875,514.260009765625,514.260009765625,390894600
2024-09-23,514.489990234375,516.72998046875,513.280029296875,516.3200073242188,516.3200073242188,154310800
2024-09-24,518.219970703125,521.0399780273438,517.8200073242188,519.7000122070312,519.7000122070312,189888300
2024-09-25,518.5599975585938,520.3300170898438,517.260009765625,519.1400146484375,519.1400146484375,145208800
2024-09-26,521.4299926757812,526.52001953125,521.4299926757812,525.6099853515625,525.6099853515625,209040500
2024-09-27,525.5,528.6799926757812,525.5,528.0800170898438,528.0800170898438,187210800
2024-09-30,527.1099853515625,527.75,522.3499755859375,522.8900146484375,522.8900146484375,201115200
2024-10-01,523.280029296875,525.5499877929688,519.3400268554688,520.8800048828125,520.8800048828125,214236300
2024-10-02,521.6199951171875,523,518.6599731445312,521.1400146484375,521.1400146484375,177821200
2024-10-03,519.9400024414062,519.989990234375,515.260009765625,516.2899780273438,516.2899780273438,209236400
2024-10-04,516.6300048828125,519.5399780273438,515.760009765625,518.5599975585938,518.5599975585938,180242200
2024-10-07,519.1199951171875,520.3400268554688,516.6099853515625,519.47998046875,519.47998046875,157692200
2024-10-08,518.1300048828125,518.1300048828125,514.0999755859375,516.6400146484375,516.6400146484375,160998800
2024-10-09,516.77001953125,520.1099853515625,516.3699951171875,520.0499877929688,520.0499877929688,137343900
2024-10-10,520.219970703125,521.0800170898438,517.8099975585938,519.1099853515625,519.1099853515625,161637000
2024-10-11,518.9000244140625,522.489990234375,518.02001953125,521.97998046875,521.97998046875,170638300
2024-10-14,522.3499755859375,524.760009765625,521.3099975585938,524.760009765625,524.760009765625,153488000
2024-10-15,525.3499755859375,526.5700073242188,520.5700073242188,520.5700073242188,520.5700073242188,200759000
2024-10-16,518.9500122070312,520.77001953125,518.1300048828125,519.5999755859375,519.5999755859375,203051100
2024-10-17,519.8599853515625,525.6799926757812,519.8499755859375,523.9099731445312,523.9099731445312,194861100
2024-10-18,523.6799926757812,525.5800170898438,523.219970703125,524.989990234375,524.989990234375,189932700
2024-10-21,524.3800048828125,526.1199951171875,521.3599853515625,521.52001953125,521.52001953125,143758200
2024-10-22,521.7000122070312,521.7000122070312,517.219970703125,520.4000244140625,520.4000244140625,148727200
2024-10-23,519.6699829101562,521.760009765625,518.1900024414062,518.8400268554688,518.8400268554688,177086500
2024-10-24,519.0999755859375,522.510009765625,518.97998046875,518.97998046875,518.97998046875,200456900
2024-10-25,518.5499877929688,519.77001953125,517.1400146484375,518.8099975585938,518.8099975585938,183227000
2024-10-28,519.7899780273438,521.7899780273438,517.4400024414062,520.9500122070312,520.9500122070312,187817000
2024-10-29,521.6300048828125,522.9299926757812,517.9199829101562,517.989990234375,517.989990234375,201489900
2024-10-30,516.5499877929688,516.5499877929688,510.42999267578125,511.510009765625,511.510009765625,209408600
2024-10-31,509.9700012207031,509.9700012207031,503.489990234375,505.3900146484375,505.3900146484375,245742000
2024-11-01,505.44000244140625,512.1699829101562,505.44000244140625,510.8999938964844,510.8999938964844,172893900
2024-11-04,510.44000244140625,512.4000244140625,509.2099914550781,509.2099914550781,509.2099914550781,181376900
2024-11-05,509.0400085449219,510.7699890136719,507.5400085449219,509.5299987792969,509.5299987792969,170152200
2024-11-06,511.260009765625,519.260009765625,505.9200134277344,506.7799987792969,506.7799987792969,263027200
2024-11-07,507.239990234375,511.94000244140625,507.239990234375,509.9200134277344,509.9200134277344,222583500
2024-11-08,510.510009765625,511.07000732421875,505.4100036621094,506.6300048828125,506.6300048828125,194696800
2024-11-11,508.95001220703125,513.8499755859375,508.95001220703125,512.3699951171875,512.3699951171875,154350700
2024-11-12,510.1700134277344,510.1700134277344,501.8900146484375,502.2300109863281,502.2300109863281,217982500
2024-11-13,501.8800048828125,503.2200012207031,498.5799865722656,501.5899963378906,501.5899963378906,202520900
2024-11-14,502.6700134277344,507.6199951171875,502.0899963378906,507.0299987792969,507.0299987792969,218117400
2024-11-15,505.3800048828125,505.94000244140625,502.5199890136719,503.1199951171875,503.1199951171875,185502000
2024-11-18,502.70001220703125,503.7799987792969,500.010009765625,502.8399963378906,502.8399963378906,172339400
2024-11-19,503.7699890136719,505,495.54998779296875,500.6000061035156,500.6000061035156,188177900
2024-11-20,501.94000244140625,504.0400085449219,499.55999755859375,500.489990234375,500.489990234375,166319600
2024-11-21,500.3299865722656,502.8999938964844,497.3299865722656,502.5400085449219,502.5400085449219,183442500
2024-11-22,503.9599914550781,509.20001220703125,502.3599853515625,508.4700012207031,508.4700012207031,189500100
2024-11-25,509.6400146484375,511.2799987792969,507.69000244140625,508.7799987792969,508.7799987792969,418723700
2024-11-26,507.6099853515625,508.5299987792969,504.7200012207031,505.8999938964844,505.8999938964844,177672300
2024-11-27,505.6600036621094,505.6600036621094,502.8599853515625,504.9599914550781,504.9599914550781,160403500
2024-11-28,506.32000732421875,508.92999267578125,506.0799865722656,507.29998779296875,507.29998779296875,121559100
2024-11-29,506.9100036621094,510.42999267578125,506.0799865722656,510.25,510.25,161499700
2024-12-02,509.69000244140625,514.4400024414062,508.6300048828125,513.6099853515625,513.6099853515625,185137200
2024-12-03,514.25,517.280029296875,514.25,515.530029296875,515.530029296875,183192200
2024-12-04,516.0499877929688,518.75,515.8400268554688,517.4500122070312,517.4500122070312,177654700
2024-12-05,517.1900024414062,519.6900024414062,517.1900024414062,519.530029296875,519.530029296875,204876100
2024-12-06,519.72998046875,521.5700073242188,519.1799926757812,520.469970703125,520.469970703125,210710800
2024-12-09,521.6500244140625,523.1500244140625,520.1300048828125,521.219970703125,521.219970703125,169889700
2024-12-10,520.530029296875,520.8499755859375,518.3900146484375,518.489990234375,518.489990234375,159838400
2024-12-11,517.6900024414062,520.52001953125,517.030029296875,519.9500122070312,519.9500122070312,244686700
2024-12-12,520.1599731445312,520.6699829101562,518.6900024414062,519.2000122070312,519.2000122070312,166970000
2024-12-13,518.2100219726562,519.260009765625,515.5999755859375,516.4500122070312,516.4500122070312,191704700
2024-12-16,516.2999877929688,516.52001953125,514.3599853515625,515.8300170898438,515.8300170898438,231047100
2024-12-17,514.260009765625,514.739990234375,512.3900146484375,513.6599731445312,513.6599731445312,303102500
2024-12-18,513.8599853515625,515.3499755859375,513.0700073242188,514.4299926757812,514.4299926757812,199892800
2024-12-19,511.1600036621094,511.1600036621094,505.4100036621094,506.6600036621094,506.6600036621094,250237300
2024-12-20,504.9700012207031,504.9700012207031,496.3900146484375,502.19000244140625,502.19000244140625,382499300
2024-12-23,502.2099914550781,504.19000244140625,501.0799865722656,502.9100036621094,502.9100036621094,129450500
2024-12-27,503.30999755859375,507.17999267578125,502.8699951171875,507.17999267578125,507.17999267578125,118605800
2024-12-30,506.30999755859375,506.8800048828125,503.54998779296875,504.8500061035156,504.8500061035156,96518300
2025-01-03,510.8699951171875,510.8699951171875,507.260009765625,508.19000244140625,508.19000244140625,154964000
2025-01-06,508.79998779296875,513.0800170898438,508.4200134277344,513.02001953125,513.02001953125,178454100
2025-01-07,513.0800170898438,515.6599731445312,511.010009765625,514.6699829101562,514.6699829101562,193612400
2025-01-08,514.9600219726562,517.2000122070312,510.9700012207031,513.6699829101562,513.6699829101562,215930200
2025-01-09,512.3400268554688,516.22998046875,511.2699890136719,515.8400268554688,515.8400268554688,176351800
2025-01-10,515.6500244140625,516.02001953125,511.2099914550781,511.5,511.5,202780400
2025-01-13,510.2900085449219,510.2900085449219,506.489990234375,508.67999267578125,508.67999267578125,178833500
2025-01-14,509.9599914550781,511.94000244140625,507.989990234375,508.2799987792969,508.2799987792969,214098400
2025-01-15,508.75,515.8099975585938,508.75,515.02001953125,515.02001953125,233516500
2025-01-16,516.72998046875,520.0499877929688,516.72998046875,520.0499877929688,520.0499877929688,192327000
2025-01-17,520.8900146484375,524.47998046875,520.8900146484375,523.6199951171875,523.6199951171875,224730500
2025-01-20,523.5999755859375,525.5599975585938,522.5999755859375,523.8699951171875,523.8699951171875,190601800
2025-01-21,524.1699829101562,526.030029296875,523.4400024414062,525.97998046875,525.97998046875,178038500
2025-01-22,526.9500122070312,530.5499877929688,526.9500122070312,528.0399780273438,528.0399780273438,217855000
2025-01-23,528.6199951171875,530.5,526.989990234375,530.3400268554688,530.3400268554688,213013600
2025-01-24,531.4400024414062,533.25,529.1500244140625,530.0700073242188,530.0700073242188,190560900
2025-01-27,529.6099853515625,530.6199951171875,525.52001953125,529.6900024414062,529.6900024414062,180865400
2025-01-28,530.6599731445312,533.760009765625,530.4199829101562,531.5999755859375,531.5999755859375,225892800
2025-01-29,532.2999877929688,535.5700073242188,532.1300048828125,534.260009765625,534.260009765625,185155900
2025-01-30,535.1799926757812,539.0800170898438,535.1799926757812,538.8400268554688,538.8400268554688,182883800
2025-01-31,539.7899780273438,542.0900268554688,538.8400268554688,539.530029296875,539.530029296875,218335300
2025-02-03,535.780029296875,535.780029296875,530.6900024414062,534.8499755859375,534.8499755859375,196428700
2025-02-04,535.3300170898438,536.2999877929688,531.3800048828125,536.0399780273438,536.0399780273438,222701200
2025-02-05,535.7899780273438,538.5599975585938,535.010009765625,538.5599975585938,538.5599975585938,191761200
2025-02-06,539.7899780273438,545.4600219726562,539.7899780273438,544.8400268554688,544.8400268554688,225819200
2025-02-07,544.3800048828125,545.5900268554688,542.0999755859375,542.75,542.75,297915300
2025-02-10,543.3099975585938,546.5,543.3099975585938,545.9199829101562,545.9199829101562,228620100
2025-02-11,545.3900146484375,547.5399780273438,545.0999755859375,547.1799926757812,547.1799926757812,224932000
2025-02-12,547.4099731445312,548.5900268554688,545.0599975585938,547.780029296875,547.780029296875,238844200
2025-02-13,549.0700073242188,553.75,548.8400268554688,553.75,553.75,282930000
2025-02-14,553.5999755859375,554.6099853515625,551.5599975585938,552.4099731445312,552.4099731445312,303266900
2025-02-17,552.7999877929688,555.6900024414062,552.6699829101562,555.4199829101562,555.4199829101562,193007500
2025-02-18,556.5700073242188,557.9600219726562,554.760009765625,557.1699829101562,557.1699829101562,191186200
2025-02-19,557,557.6099853515625,551.0999755859375,552.0999755859375,552.0999755859375,228865700
2025-02-20,551.5900268554688,553.989990234375,550.2999877929688,551.010009765625,551.010009765625,241310000
2025-02-21,551.6599731445312,554.5999755859375,551.6599731445312,553.8499755859375,553.8499755859375,216410900
2025-02-24,553.9500122070312,555.3499755859375,550.5700073242188,553.3900146484375,553.3900146484375,215164200
2025-02-25,552.4299926757812,557.0399780273438,551.97998046875,554.2000122070312,554.2000122070312,223510200
2025-02-26,555.1500244140625,560.5599975585938,555.1500244140625,559.6699829101562,559.6699829101562,239396700
2025-02-27,558.4099731445312,558.4099731445312,554.239990234375,557.1099853515625,557.1099853515625,250718000
2025-02-28,555.25,557.1900024414062,552.2000122070312,557.1900024414062,557.1900024414062,412114100
2025-03-03,557.7000122070312,565.1799926757812,556.25,563.1300048828125,563.1300048828125,255094900
2025-03-04,561.030029296875,561.030029296875,550.5999755859375,551.0700073242188,551.0700073242188,275368300
2025-03-05,551.510009765625,560.760009765625,551.510009765625,556.0900268554688,556.0900268554688,285192500
2025-03-06,557.0399780273438,558.4299926757812,551.0900268554688,555.9000244140625,555.9000244140625,269849100
2025-03-07,554.3300170898438,555.1699829101562,550.4299926757812,553.3499755859375,553.3499755859375,234456000
2025-03-10,554.6500244140625,555.9600219726562,545.5399780273438,546.2000122070312,546.2000122070312,286221300
2025-03-11,545.7000122070312,546.7999877929688,535.9199829101562,536.8900146484375,536.8900146484375,253014100
2025-03-12,538.5499877929688,544.6900024414062,537.9199829101562,541.25,541.25,214039200
2025-03-13,541.3900146484375,544.5800170898438,539.2999877929688,540.4400024414062,540.4400024414062,199663500
2025-03-14,541.1300048828125,547.22998046875,539.8800048828125,546.5999755859375,546.5999755859375,252948400
2025-03-17,547.27001953125,551.4099731445312,546.9199829101562,550.9400024414062,550.9400024414062,203039300
2025-03-18,551.6900024414062,555.8200073242188,551.6900024414062,554.2999877929688,554.2999877929688,264168700
2025-03-19,554.2999877929688,556.1300048828125,552.3800048828125,555.3699951171875,555.3699951171875,195106800
2025-03-20,555.4500122070312,556.469970703125,549.8699951171875,552.97998046875,552.97998046875,224136500
2025-03-21,551.3499755859375,551.4600219726562,547.3900146484375,549.6699829101562,549.6699829101562,430346800
2025-03-24,551.1300048828125,553.010009765625,547.6599731445312,548.9299926757812,548.9299926757812,189632900
2025-03-25,549.8300170898438,555.0599975585938,549.8300170898438,552.5900268554688,552.5900268554688,237231700
2025-03-26,552.760009765625,553.5900268554688,548.4099731445312,548.72998046875,548.72998046875,192540000
2025-03-27,546.5,547.1400146484375,542.7100219726562,546.3099975585938,546.3099975585938,245755500
2025-03-28,545.4099731445312,546.469970703125,540.4400024414062,542.0999755859375,542.0999755859375,215464600
2025-03-31,540.22998046875,540.22998046875,531.8499755859375,533.9199829101562,533.9199829101562,249028700
2025-04-01,536.1799926757812,540.8300170898438,536.0399780273438,539.6400146484375,539.6400146484375,201445300
2025-04-02,538.5,538.5,533.0999755859375,536.9199829101562,536.9199829101562,179240100
2025-04-03,532.77001953125,532.77001953125,521.6400146484375,523.1199951171875,523.1199951171875,335875100
2025-04-04,519.8499755859375,519.8499755859375,492.2300109863281,496.3299865722656,496.3299865722656,441242800
2025-04-07,493.2900085449219,495.0899963378906,464.260009765625,474.010009765625,474.010009765625,491830000
2025-04-08,477.2099914550781,492.1099853515625,477.0400085449219,486.9100036621094,486.9100036621094,328374700
2025-04-09,480.70001220703125,480.70001220703125,464.30999755859375,469.8900146484375,469.8900146484375,316160600
2025-04-10,472.5,504.1099853515625,472.5,487.2799987792969,487.2799987792969,345971100
2025-04-11,488.4200134277344,491.0799865722656,479.54998779296875,486.79998779296875,486.79998779296875,262693600
2025-04-14,491.1199951171875,501.760009765625,491.1199951171875,499.8900146484375,499.8900146484375,204021800
2025-04-15,500.8999938964844,508.4599914550781,500.8999938964844,508.05999755859375,508.05999755859375,218101000
2025-04-16,506.32000732421875,507.1600036621094,501.1600036621094,507.0899963378906,507.0899963378906,217891400
2025-04-17,506.489990234375,507.1300048828125,503.5,506.4200134277344,506.4200134277344,174399600
2025-04-22,504.9700012207031,507.7099914550781,502.2900085449219,507.7099914550781,507.7099914550781,222872200
2025-04-23,509.8299865722656,519.5599975585938,509.8299865722656,516.77001953125,516.77001953125,255010900
2025-04-24,515.5399780273438,518.9600219726562,512.7899780273438,518.6099853515625,518.6099853515625,237638900
2025-04-25,519.4199829101562,521.969970703125,518.4099731445312,520.4500122070312,520.4500122070312,186987700
2025-04-28,521.6099853515625,524.5700073242188,521.6099853515625,523.1900024414062,523.1900024414062,173698600
2025-04-29,523.4500122070312,525.469970703125,522.9199829101562,525.0900268554688,525.0900268554688,190724000
2025-04-30,525.6099853515625,527.8300170898438,521.9199829101562,527.47998046875,527.47998046875,303699700
2025-05-02,530.510009765625,536.989990234375,530.510009765625,536.4299926757812,536.4299926757812,225865600
2025-05-05,536.0399780273438,537.6900024414062,535.8400268554688,537.3099975585938,537.3099975585938,78161300
2025-05-06,537.3499755859375,538.5700073242188,532.02001953125,536.3499755859375,536.3499755859375,220312300
2025-05-07,535.3599853515625,535.469970703125,532.5599975585938,533.469970703125,533.469970703125,246084700
2025-05-08,533.8800048828125,538.6300048828125,533.8800048828125,535.6300048828125,535.6300048828125,244815500
2025-05-09,535.9500122070312,538.8900146484375,535.9500122070312,537.9600219726562,537.9600219726562,197215300
2025-05-12,538.3400268554688,544.5,538.3400268554688,544.489990234375,544.489990234375,247086600
2025-05-13,544.4199829101562,546.1300048828125,544.4000244140625,545.1699829101562,545.1699829101562,186579200
2025-05-14,545.0999755859375,545.7899780273438,542.3499755859375,543.8800048828125,543.8800048828125,230732500
2025-05-15,542.1300048828125,546.9500122070312,540.97998046875,546.9500122070312,546.9500122070312,250922500
2025-05-16,547.8900146484375,550.8599853515625,546.8300170898438,549.260009765625,549.260009765625,227525200
2025-05-19,547.8900146484375,549.989990234375,545.1599731445312,549.97998046875,549.97998046875,202697800
2025-05-20,550.530029296875,554.8800048828125,550.25,554.02001953125,554.02001953125,209435000
2025-05-21,553.77001953125,554.22998046875,550.260009765625,553.8200073242188,553.8200073242188,202691100
2025-05-22,552.5599975585938,552.5599975585938,546.989990234375,550.27001953125,550.27001953125,202146000
2025-05-23,550.3599853515625,552.219970703125,537.3900146484375,545.1300048828125,545.1300048828125,254934000
2025-05-26,547.219970703125,550.8699951171875,547.219970703125,550.5,550.5,72766800
2025-05-27,550.4500122070312,554.1699829101562,550.4500122070312,552.3200073242188,552.3200073242188,244223000
2025-05-28,552.1900024414062,553.3900146484375,548.9299926757812,548.9299926757812,548.9299926757812,190391400
2025-05-30,547.8099975585938,551.5399780273438,547.2999877929688,548.6699829101562,548.6699829101562,395997300
2025-06-02,547.3499755859375,548.5900268554688,544.3599853515625,547.9199829101562,547.9199829101562,167435300
2025-06-03,548.5399780273438,549.510009765625,545.1599731445312,548.4400024414062,548.4400024414062,168157500
2025-06-04,549.6300048828125,552.3699951171875,549.52001953125,551.02001953125,551.02001953125,188783000
2025-06-05,551.0999755859375,553.780029296875,549.2899780273438,551.8800048828125,551.8800048828125,170632800
2025-06-06,551.6300048828125,554.2100219726562,551.3699951171875,553.6400146484375,553.6400146484375,160999000
2025-06-10,553,554.0900268554688,551.469970703125,553.1199951171875,553.1199951171875,180210400
2025-06-11,552.9099731445312,554.219970703125,551.6400146484375,551.6400146484375,551.6400146484375,175314400
2025-06-12,550.4299926757812,551.25,546.219970703125,549.8400268554688,549.8400268554688,176955900
2025-06-13,547.489990234375,547.489990234375,543.5,544.9400024414062,544.9400024414062,195970200
2025-06-16,544.9299926757812,547.7999877929688,544.8699951171875,546.9099731445312,546.9099731445312,198451100
2025-06-17,544.760009765625,544.760009765625,540.6099853515625,542.260009765625,542.260009765625,194525300
2025-06-18,541.8400268554688,542.6099853515625,539.3200073242188,540.3300170898438,540.3300170898438,180717800
2025-06-19,538.72998046875,538.8599853515625,535.8599853515625,535.8599853515625,535.8599853515625,157875400
2025-06-20,536.5700073242188,540.4600219726562,536.260009765625,536.530029296875,536.530029296875,410593200
2025-06-23,535.5700073242188,537.4099731445312,532.3400268554688,535.030029296875,535.030029296875,161077500
2025-06-24,537.8599853515625,543.2000122070312,537.8599853515625,540.97998046875,540.97998046875,232438100
2025-06-25,541.6599731445312,543.1400146484375,536.8800048828125,536.97998046875,536.97998046875,167242000
2025-06-26,537.489990234375,539.0499877929688,536.0999755859375,537.47998046875,537.47998046875,180655100
2025-06-27,539.510009765625,543.6300048828125,539.510009765625,543.6300048828125,543.6300048828125,161210200
2025-06-30,544.5499877929688,544.9500122070312,540.8699951171875,541.3699951171875,541.3699951171875,172195400
2025-07-01,541.8400268554688,542.5700073242188,537.4400024414062,540.25,540.25,176752700
2025-07-02,541.469970703125,543.489990234375,538.8400268554688,541.2100219726562,541.2100219726562,220473200
2025-07-03,542.2100219726562,543.760009765625,541.3499755859375,543.760009765625,543.760009765625,157792800
2025-07-04,542.4600219726562,542.4600219726562,538.8200073242188,541.1300048828125,541.1300048828125,114465300
2025-07-07,541.02001953125,543.6599731445312,540.739990234375,543.5,543.5,138331400
2025-07-08,543.6400146484375,545.7899780273438,542.219970703125,545.7100219726562,545.7100219726562,172163300
2025-07-09,546.4500122070312,550.72998046875,546.0499877929688,549.9600219726562,549.9600219726562,178631100
2025-07-10,550.7899780273438,553.489990234375,550.7899780273438,552.9299926757812,552.9299926757812,175208800
2025-07-11,551.8699951171875,551.8699951171875,546.6400146484375,547.3400268554688,547.3400268554688,156370200
2025-07-14,545.3400268554688,546.989990234375,544.1599731445312,546.989990234375,546.989990234375,123498000
2025-07-15,547.2000122070312,548.97998046875,544.7899780273438,544.9500122070312,544.9500122070312,146409500
2025-07-16,543.6099853515625,545.6599731445312,541.8300170898438,541.8400268554688,541.8400268554688,153072000
2025-07-17,544.510009765625,547.219970703125,544.510009765625,547.030029296875,547.030029296875,133342700
2025-07-18,547.8900146484375,549.5399780273438,546.4099731445312,547,547,162900200
2025-07-21,547.239990234375,547.530029296875,544.75,546.5800170898438,546.5800170898438,151591100
2025-07-22,545.780029296875,545.780029296875,542.72998046875,544.3400268554688,544.3400268554688,138969900
2025-07-23,546.3699951171875,551.27001953125,546.3699951171875,550.219970703125,550.219970703125,190893700
2025-07-24,551.5999755859375,554.0399780273438,550.5700073242188,551.5499877929688,551.5499877929688,206061200
2025-07-25,550.6799926757812,550.6799926757812,548.010009765625,549.9500122070312,549.9500122070312,198606700
2025-07-28,552.5599975585938,555.0399780273438,548.1300048828125,548.760009765625,548.760009765625,147176700
2025-07-29,549.4199829101562,554.219970703125,549.4199829101562,550.3599853515625,550.3599853515625,174100200
2025-07-30,550.0800170898438,551.47998046875,548.75,550.239990234375,550.239990234375,186809100
2025-07-31,550.9199829101562,552.9500122070312,545.9400024414062,546.1099853515625,546.1099853515625,231547500
2025-08-04,536.4400024414062,540.6099853515625,535.969970703125,540.5999755859375,540.5999755859375,225178600
2025-08-05,541.75,543.6400146484375,540.739990234375,541.4000244140625,541.4000244140625,170716600
2025-08-06,542.2999877929688,543.6500244140625,540.1900024414062,541.0700073242188,541.0700073242188,207171100
2025-08-07,540.530029296875,547.4000244140625,540.530029296875,546.0499877929688,546.0499877929688,199185600
2025-08-08,546.4600219726562,548.22998046875,546.010009765625,547.0800170898438,547.0800170898438,185085100
2025-08-11,548.1900024414062,549.2000122070312,546.2100219726562,546.760009765625,546.760009765625,139779600
2025-08-12,547.760009765625,548.8900146484375,546.0900268554688,547.8900146484375,547.8900146484375,141833200
2025-08-13,548.6799926757812,551.22998046875,548.6799926757812,550.8499755859375,550.8499755859375,156262700
2025-08-14,551.1099853515625,553.8699951171875,551.1099853515625,553.8699951171875,553.8699951171875,152867700
2025-08-15,554.47998046875,556.4099731445312,553.0900268554688,553.5599975585938,553.5599975585938,161863500
2025-08-18,554.0599975585938,554.5800170898438,552.1900024414062,554.010009765625,554.010009765625,181886100
2025-08-19,554.3400268554688,558.219970703125,554.3400268554688,557.8099975585938,557.8099975585938,154711900
2025-08-20,557.3599853515625,559.8200073242188,555.739990234375,559.0900268554688,559.0900268554688,146961900
2025-08-21,559.1099853515625,559.2999877929688,556.4600219726562,559.0700073242188,559.0700073242188,123967600
2025-08-22,558.75,563.280029296875,558.2100219726562,561.2999877929688,561.2999877929688,137161400
2025-08-25,560.8300170898438,561.1199951171875,558.6799926757812,558.8200073242188,558.8200073242188,64077500
2025-08-26,557.2899780273438,557.2899780273438,553.3699951171875,554.2000122070312,554.2000122070312,322539000
2025-08-27,554.9000244140625,556.239990234375,553.3499755859375,554.760009765625,554.760009765625,147080100
2025-08-28,555.1199951171875,556.7899780273438,552.6500244140625,553.6699829101562,553.6699829101562,192977900
2025-08-29,552.8099975585938,553.4500122070312,549.97998046875,550.1400146484375,550.1400146484375,184180100
2025-09-01,550.4600219726562,552.5700073242188,550.4000244140625,551.4299926757812,551.4299926757812,111978200
2025-09-02,551.2000122070312,551.2000122070312,543.1699829101562,543.1699829101562,543.1699829101562,166487700
2025-09-03,544.5599975585938,547.530029296875,543.5999755859375,546.780029296875,546.780029296875,155702500
2025-09-04,546.8800048828125,550.47998046875,546.47998046875,550.0900268554688,550.0900268554688,146451900
2025-09-05,550.9000244140625,552.6900024414062,548.0599975585938,549.2100219726562,549.2100219726562,141877100
2025-09-08,550.260009765625,552.5999755859375,550.0800170898438,552.0399780273438,552.0399780273438,123366300
2025-09-09,552.5499877929688,554.0499877929688,551.0800170898438,552.3900146484375,552.3900146484375,160613600
2025-09-10,553.8300170898438,555.6599731445312,551.8800048828125,552.2899780273438,552.2899780273438,206137900
2025-09-11,552.6199951171875,555.8699951171875,552.52001953125,555.3300170898438,555.3300170898438,148182100
2025-09-12,555.3900146484375,556.5,553.4500122070312,554.8400268554688,554.8400268554688,143532000
2025-09-15,555.97998046875,558.6599731445312,555.97998046875,557.1599731445312,557.1599731445312,174223300
2025-09-16,557.1699829101562,557.5599975585938,550.6599731445312,550.7899780273438,550.7899780273438,214767300
2025-09-17,551.489990234375,552.3800048828125,550.1699829101562,550.6300048828125,550.6300048828125,151132400
2025-09-18,551.7000122070312,555.780029296875,551.7000122070312,555.010009765625,555.010009765625,163190000
2025-09-19,555.030029296875,556.8200073242188,554.1199951171875,554.1199951171875,554.1199951171875,401335500
2025-09-22,554.3900146484375,554.3900146484375,552.030029296875,553.4000244140625,553.4000244140625,141596000
2025-09-23,553.7999877929688,557.260009765625,553.7999877929688,554.9500122070312,554.9500122070312,165847300
2025-09-24,554.8499755859375,555.1799926757812,551.6799926757812,553.8800048828125,553.8800048828125,155225800
2025-09-25,553.5999755859375,553.5999755859375,549.239990234375,550.219970703125,550.219970703125,166259000
2025-09-26,550.6300048828125,555.1500244140625,550.6300048828125,554.52001953125,554.52001953125,162936500
2025-09-29,555.6900024414062,557.1199951171875,554.489990234375,555.530029296875,555.530029296875,141088500
2025-09-30,555.3200073242188,558.2100219726562,553.3200073242188,558.1799926757812,558.1799926757812,196046200
2025-10-01,557.6500244140625,565.0900268554688,557.6500244140625,564.6199951171875,564.6199951171875,224490500
2025-10-02,566.8300170898438,569.8800048828125,566.8300170898438,567.5999755859375,567.5999755859375,187435700
2025-10-03,568.6300048828125,570.5700073242188,568.6300048828125,570.4500122070312,570.4500122070312,199273000
2025-10-06,570.8699951171875,571.6699829101562,567.8499755859375,570.239990234375,570.239990234375,166689900
2025-10-07,570.3499755859375,571.6199951171875,568.969970703125,569.27001953125,569.27001953125,157109900
2025-10-08,569.239990234375,574.3200073242188,569.239990234375,573.7899780273438,573.7899780273438,188139500
2025-10-09,573.1300048828125,573.8900146484375,571.3099975585938,571.3099975585938,571.3099975585938,199077600
2025-10-10,570.8800048828125,572.1300048828125,564.030029296875,564.1599731445312,564.1599731445312,172378900
2025-10-13,564.8099975585938,567.9500122070312,564.4099731445312,566.6300048828125,566.6300048828125,176432700
2025-10-14,564.8300170898438,564.8300170898438,560.3099975585938,564.5399780273438,564.5399780273438,173510300
2025-10-15,566.3200073242188,569.2100219726562,566.3200073242188,567.77001953125,567.77001953125,174953000
2025-10-16,567.9299926757812,571.6599731445312,567.3400268554688,571.6599731445312,571.6599731445312,172670700
2025-10-17,568.8499755859375,568.97998046875,560.8400268554688,566.239990234375,566.239990234375,218852800
2025-10-20,568.3200073242188,572.489990234375,568.3200073242188,572.0999755859375,572.0999755859375,162772900
2025-10-21,572.6599731445312,574.030029296875,571.3800048828125,573.2999877929688,573.2999877929688,162223300
2025-10-22,572.4600219726562,574.3099975585938,571.4500122070312,572.2899780273438,572.2899780273438,212795100
2025-10-23,572.8800048828125,574.8400268554688,572.5,574.4299926757812,574.4299926757812,191150500
2025-10-24,575.5499877929688,576.1799926757812,572.8200073242188,575.760009765625,575.760009765625,168010600
2025-10-27,576.9000244140625,577.260009765625,575.3099975585938,577.030029296875,577.030029296875,167358600
2025-10-28,576.3099975585938,576.4400024414062,574.9600219726562,575.760009765625,575.760009765625,168206300
2025-10-29,575.4400024414062,577.6799926757812,574.8300170898438,575.4000244140625,575.4000244140625,185578400
2025-10-30,574.9000244140625,575.1300048828125,571.8699951171875,574.8300170898438,574.8300170898438,228198800
2025-10-31,574.489990234375,574.6099853515625,571.1500244140625,571.8900146484375,571.8900146484375,167014400
2025-11-03,571.9500122070312,574.7899780273438,571.8900146484375,572.280029296875,572.280029296875,173600500
2025-11-04,569.7100219726562,570.780029296875,562.8400268554688,570.5800170898438,570.5800170898438,206849000
2025-11-05,567.8300170898438,573,566.4000244140625,571.9000244140625,571.9000244140625,190073700
2025-11-06,571.8599853515625,571.8599853515625,567.3400268554688,567.9000244140625,567.9000244140625,223395600
2025-11-07,568.530029296875,569.4000244140625,562.989990234375,564.7899780273438,564.7899780273438,185448000
2025-11-10,568.239990234375,573.719970703125,568.239990234375,572.8200073242188,572.8200073242188,184506900
2025-11-11,573.8599853515625,580.6199951171875,573.8599853515625,580.1300048828125,580.1300048828125,207545000
2025-11-12,580.8800048828125,585.4600219726562,580.8800048828125,584.22998046875,584.22998046875,201797800
2025-11-13,584.4400024414062,586.3300170898438,580.6699829101562,580.6699829101562,580.6699829101562,166226200
2025-11-14,578.739990234375,578.739990234375,569.510009765625,574.8099975585938,574.8099975585938,186256500
2025-11-17,574.9400024414062,575.8900146484375,570.97998046875,571.6799926757812,571.6799926757812,178992600
2025-11-18,568.4000244140625,568.4000244140625,560,561.8599853515625,561.8599853515625,205490600
2025-11-19,561.9500122070312,565.7100219726562,560.1199951171875,561.7100219726562,561.7100219726562,187306400
2025-11-20,564.3400268554688,568.2100219726562,563.9400024414062,563.9400024414062,563.9400024414062,181153600
2025-11-21,560.4199829101562,562.8499755859375,556.9600219726562,562.0999755859375,562.0999755859375,193259000
2025-11-24,563.2000122070312,566.1099853515625,560.969970703125,562.8800048828125,562.8800048828125,366791700
2025-11-25,563.4600219726562,568.219970703125,561.780029296875,568.010009765625,568.010009765625,176713700
2025-11-26,569.260009765625,574.3699951171875,568.3900146484375,574.2100219726562,574.2100219726562,208067900
2025-11-27,574.219970703125,575.3900146484375,572.969970703125,575,575,148173600
2025-11-28,574.97998046875,576.969970703125,574.219970703125,576.4299926757812,576.4299926757812,141746800
2025-12-01,575.260009765625,575.8400268554688,572.7100219726562,575.27001953125,575.27001953125,171580400
2025-12-02,575.010009765625,577.5800170898438,574.4199829101562,575.6500244140625,575.6500244140625,169635700
2025-12-03,576.010009765625,578.2899780273438,574.77001953125,576.219970703125,576.219970703125,185347300
2025-12-04,577.6500244140625,579.6500244140625,576.4600219726562,578.8400268554688,578.8400268554688,189342700
2025-12-05,579.4099731445312,581.4199829101562,578.77001953125,578.77001953125,578.77001953125,165378200
2025-12-08,578.0399780273438,579.219970703125,577.3800048828125,578.3599853515625,578.3599853515625,159308700
2025-12-09,578.780029296875,580.27001953125,577.3300170898438,577.77001953125,577.77001953125,170040500
2025-12-10,577.3599853515625,578.3300170898438,575.77001953125,578.1699829101562,578.1699829101562,209327200
2025-12-11,578.0399780273438,582.3900146484375,576.260009765625,581.3400268554688,581.3400268554688,155393500
2025-12-12,582,584.7100219726562,578.0499877929688,578.239990234375,578.239990234375,160796700
2025-12-15,578.9500122070312,583.22998046875,578.9500122070312,582.5399780273438,582.5399780273438,178063000
2025-12-16,582.280029296875,583.6400146484375,578.5999755859375,579.7999877929688,579.7999877929688,195869800
2025-12-17,580.9199829101562,582.6500244140625,579.5800170898438,579.7899780273438,579.7899780273438,185789000
2025-12-18,579.6599731445312,585.4000244140625,579.2899780273438,585.3499755859375,585.3499755859375,176544700
2025-12-19,584.989990234375,588.2000122070312,584.3900146484375,587.5,587.5,372610100
2025-12-22,587.469970703125,587.8300170898438,585.010009765625,586.75,586.75,227525900
2025-12-23,587.3400268554688,589.469970703125,587.22998046875,588.72998046875,588.72998046875,154645300
2025-12-29,588.8599853515625,590.1500244140625,587.8099975585938,589.25,589.25,115734500
2025-12-30,588.8300170898438,593.4199829101562,588.780029296875,592.780029296875,592.780029296875,111521000
2026-01-05,598.0700073242188,601.760009765625,597.2999877929688,601.760009765625,601.760009765625,194380700
2026-01-06,602.5399780273438,606.280029296875,601.8499755859375,605.280029296875,605.280029296875,191869600
2026-01-07,605.260009765625,605.989990234375,603.739990234375,604.989990234375,604.989990234375,220544000
2026-01-08,603.780029296875,604.8599853515625,601.9000244140625,603.8300170898438,603.8300170898438,182374700
2026-01-09,604.5599975585938,609.9000244140625,604.5599975585938,609.6699829101562,609.6699829101562,177370100
2026-01-12,609.02001953125,611.27001953125,607.6099853515625,610.9500122070312,610.9500122070312,164139700
2026-01-13,611.6900024414062,611.8599853515625,608.97998046875,610.4400024414062,610.4400024414062,215781100
2026-01-14,610.5599975585938,612.6500244140625,610.4500122070312,611.5599975585938,611.5599975585938,221698300
2026-01-15,611.9400024414062,615.0700073242188,611.9199829101562,614.5700073242188,614.5700073242188,245653400
2026-01-16,614.5499877929688,615.0499877929688,612.4099731445312,614.3800048828125,614.3800048828125,210602500
2026-01-19,610.25,610.25,605.760009765625,607.0599975585938,607.0599975585938,161136000
2026-01-20,605.3499755859375,605.3499755859375,598.2999877929688,602.7999877929688,602.7999877929688,214785500
2026-01-21,602.47998046875,603.8699951171875,597.6500244140625,602.6699829101562,602.6699829101562,191927600
2026-01-22,605.7100219726562,611.1099853515625,605.7100219726562,608.8599853515625,608.8599853515625,200740200
2026-01-23,608.8400268554688,609.239990234375,606.5,608.3400268554688,608.3400268554688,165081200
2026-01-26,608.6199951171875,611.0700073242188,607.02001953125,609.5700073242188,609.5700073242188,162653500
2026-01-27,610.8699951171875,613.780029296875,610.1699829101562,613.1099853515625,613.1099853515625,182288900
2026-01-28,612.530029296875,613.5,608.010009765625,608.510009765625,608.510009765625,188207500
2026-01-29,610.2100219726562,613.4199829101562,606.5,607.1400146484375,607.1400146484375,210401700
2026-01-30,606.719970703125,612.3599853515625,606.6300048828125,611,611,198870900
2026-02-02,607.6199951171875,617.7999877929688,606.8699951171875,617.3099975585938,617.3099975585938,214668000
2026-02-03,619.6500244140625,622.6699829101562,615.1599731445312,617.9299926757812,617.9299926757812,210801300
2026-02-04,617.5499877929688,622.219970703125,616.0599975585938,618.1199951171875,618.1199951171875,253595900
2026-02-05,617.3599853515625,618.4400024414062,609.3900146484375,611.6500244140625,611.6500244140625,267531700
2026-02-06,611.5,617.52001953125,608.7899780273438,617.1199951171875,617.1199951171875,218239100
2026-02-09,617.8499755859375,621.4299926757812,616.6099853515625,621.4099731445312,621.4099731445312,218332600
2026-02-10,621.75,622.3200073242188,620.4000244140625,620.969970703125,620.969970703125,223035900
2026-02-11,620.6599731445312,623.489990234375,618.6199951171875,621.5800170898438,621.5800170898438,241358500
2026-02-12,623.8599853515625,625.9000244140625,617.75,618.52001953125,618.52001953125,243319700
2026-02-13,618.3699951171875,618.9299926757812,614.8400268554688,617.7000122070312,617.7000122070312,287886300
2026-02-16,618.9400024414062,620.5700073242188,618.2100219726562,618.52001953125,618.52001953125,147835600
2026-02-17,617.739990234375,621.6300048828125,617.0700073242188,621.2899780273438,621.2899780273438,170014700
2026-02-18,622.5900268554688,629.3900146484375,622.5900268554688,628.6900024414062,628.6900024414062,223774400
2026-02-19,628.469970703125,628.5,623.3499755859375,625.3300170898438,625.3300170898438,227376600
2026-02-20,626.5599975585938,632.3099975585938,625.8300170898438,630.5599975585938,630.5599975585938,207904200
2026-02-23,629.6300048828125,631.0700073242188,626.5,627.7000122070312,627.7000122070312,182028100
2026-02-24,627.5599975585938,631.3800048828125,625.7000122070312,629.1400146484375,629.1400146484375,224921100
2026-02-25,630.489990234375,633.52001953125,630.489990234375,633.469970703125,633.469970703125,262993900
2026-02-26,633.6099853515625,634.8800048828125,631.0999755859375,633.1799926757812,633.1799926757812,219627800
2026-02-27,633.0700073242188,636.1599731445312,631.739990234375,633.8499755859375,633.8499755859375,376798900
2026-03-02,628.7000122070312,628.7000122070312,621.2999877929688,623.6300048828125,623.6300048828125,296061900
2026-03-03,620.3800048828125,620.3800048828125,600.6400146484375,604.4400024414062,604.4400024414062,358464800
2026-03-04,605.280029296875,614.4500122070312,604.5499877929688,612.7100219726562,612.7100219726562,257002000
2026-03-05,612.9000244140625,616.9099731445312,604.22998046875,604.8300170898438,604.8300170898438,247793100
2026-03-06,606.8599853515625,608.6400146484375,593.5399780273438,598.6900024414062,598.6900024414062,263900800
2026-03-09,593.8800048828125,595.4600219726562,583.97998046875,594.9199829101562,594.9199829101562,257931100
2026-03-10,598.0800170898438,608.969970703125,598.0800170898438,606.1199951171875,606.1199951171875,264176700
2026-03-11,604.22998046875,604.7000122070312,598.9299926757812,602.5399780273438,602.5399780273438,224094400
2026-03-12,601.0800170898438,602.7000122070312,595.02001953125,598.8599853515625,598.8599853515625,244936800
2026-03-13,596.9000244140625,603.1500244140625,591.9400024414062,595.8499755859375,595.8499755859375,203035400
2026-03-16,596.1599731445312,601.1599731445312,593.1400146484375,598.469970703125,598.469970703125,192100100
2026-03-17,598.260009765625,604.969970703125,597.530029296875,602.4500122070312,602.4500122070312,200306500
2026-03-18,603.7000122070312,606.5,596.0599975585938,597.9299926757812,597.9299926757812,215599500
2026-03-19,594.3900146484375,594.3900146484375,581.1900024414062,583.6400146484375,583.6400146484375,275965000
2026-03-20,586.3400268554688,589.4600219726562,573.219970703125,573.280029296875,573.280029296875,590174900
2026-03-23,568.75,586.4600219726562,559.0499877929688,576.780029296875,576.780029296875,372969300
2026-03-24,577.6500244140625,580.6300048828125,572.8200073242188,579.280029296875,579.280029296875,248692600
2026-03-25,581.780029296875,589.489990234375,581.780029296875,587.489990234375,587.489990234375,216200400
2026-03-26,585.0399780273438,585.0399780273438,579.4299926757812,580.8400268554688,580.8400268554688,199429700
2026-03-27,581.010009765625,581.52001953125,572.4099731445312,575.2999877929688,575.2999877929688,230576800
2026-03-30,574.4299926757812,580.9299926757812,573.52001953125,580.72998046875,580.72998046875,211820800
2026-03-31,580.9000244140625,586.8300170898438,579.9600219726562,583.1400146484375,583.1400146484375,237615300
2026-04-01,588.780029296875,598.25,588.780029296875,597.6900024414062,597.6900024414062,262070900
2026-04-02,593.6799926757812,598.0999755859375,588.02001953125,596.6300048828125,596.6300048828125,252074600
2026-04-07,598.030029296875,601.469970703125,589.0800170898438,590.5900268554688,590.5900268554688,212434800
2026-04-08,596.260009765625,617.0700073242188,596.260009765625,613.5,613.5,323448000
2026-04-09,612.8300170898438,613.1300048828125,608.75,612.5900268554688,612.5900268554688,184640200
2026-04-10,612.739990234375,618.22998046875,612.739990234375,614.8400268554688,614.8400268554688,230911900
2026-04-13,612.7999877929688,614.1900024414062,608.6400146484375,613.8800048828125,613.8800048828125,219249100
2026-04-14,614.9299926757812,619.9600219726562,614.9299926757812,619.9500122070312,619.9500122070312,203559900
2026-04-15,620.1699829101562,620.5999755859375,617.260009765625,617.27001953125,617.27001953125,194490400
2026-04-16,617.6799926757812,620.4000244140625,616.260009765625,616.9500122070312,616.9500122070312,176707100
2026-04-17,615.8099975585938,626.97998046875,615.780029296875,626.5800170898438,626.5800170898438,259231000
2026-04-20,622.0399780273438,622.2100219726562,619.2000122070312,621.4600219726562,621.4600219726562,195229300
2026-04-21,621.8200073242188,623.5,615.3099975585938,616.030029296875,616.030029296875,190469900
2026-04-22,617.0800170898438,618.3800048828125,613.3099975585938,613.8800048828125,613.8800048828125,193172400
2026-04-23,612.0900268554688,615,609.8400268554688,614.2000122070312,614.2000122070312,185771900
2026-04-24,612.3300170898438,614.3699951171875,607.8900146484375,610.6500244140625,610.6500244140625,169582800
2026-04-27,610.5900268554688,614.0399780273438,608.1900024414062,608.8400268554688,608.8400268554688,182067500
2026-04-28,608.1900024414062,610.219970703125,604.2899780273438,606.5800170898438,606.5800170898438,197992200
2026-04-29,606.969970703125,607.8200073242188,601.6099853515625,602.9600219726562,602.9600219726562,201162100
2026-04-30,600,611.280029296875,598.5900268554688,611.280029296875,611.280029296875,249208900
2026-05-04,611.8800048828125,612.3400268554688,604.6799926757812,605.510009765625,605.510009765625,105059300
2026-05-05,605.1699829101562,610.010009765625,604.3800048828125,609.719970703125,609.719970703125,233596600
2026-05-06,611.9600219726562,626.4500122070312,611.9600219726562,623.25,623.25,270485000
2026-05-07,623.6300048828125,624.7899780273438,616.4199829101562,616.4199829101562,616.4199829101562,248349700
2026-05-08,614.6300048828125,614.6300048828125,610.3599853515625,612.1400146484375,612.1400146484375,178778600
2026-05-11,611.969970703125,613.0700073242188,610.2000122070312,612.7899780273438,612.7899780273438,203041100
2026-05-12,608.8400268554688,609.6599731445312,605.2100219726562,606.6300048828125,606.6300048828125,262773200
2026-05-13,608.530029296875,611.9099731445312,606.280029296875,611.4199829101562,611.4199829101562,186945700
2026-05-15,613.77001953125,613.77001953125,605.6099853515625,606.9199829101562,606.9199829101562,261404300
2026-05-18,604.4099731445312,612.219970703125,601.6900024414062,610.1699829101562,610.1699829101562,182386700
2026-05-19,610.77001953125,616.22998046875,610.260009765625,611.3400268554688,611.3400268554688,191580100
2026-05-20,610.97998046875,623.0499877929688,609.6599731445312,620.2899780273438,620.2899780273438,212077700
2026-05-21,619.47998046875,623,616.6500244140625,620.5599975585938,620.5599975585938,197962500
2026-05-22,622.6199951171875,626.1799926757812,622.6199951171875,625.1199951171875,625.1199951171875,170005700
2026-05-26,631.2999877929688,632.3900146484375,628.010009765625,628.010009765625,628.010009765625,168786500
2026-05-27,627.8400268554688,631.75,626.5700073242188,628.1799926757812,628.1799926757812,217523400
2026-05-28,626.6199951171875,626.6199951171875,622.1400146484375,625.1099853515625,625.1099853515625,178904000
2026-05-29,625.9400024414062,629.4199829101562,625.9400024414062,626,626,470100500
2026-06-01,625.739990234375,626.02001953125,618.7000122070312,621.239990234375,621.239990234375,174688400
2026-06-02,623.1199951171875,627.1300048828125,622.7999877929688,625.3400268554688,625.3400268554688,184412300
2026-06-03,624.8800048828125,624.8800048828125,621.0499877929688,621.1900024414062,621.1900024414062,175275000
2026-06-04,620.9099731445312,624.4500122070312,619.47998046875,624.4500122070312,624.4500122070312,154288200
2026-06-05,624.75,626.5800170898438,622.4099731445312,622.6599731445312,622.6599731445312,175509800
2026-06-08,620.5900268554688,623.4600219726562,616.5,621.72998046875,621.72998046875,194978400
2026-06-09,621.280029296875,627.030029296875,618.6400146484375,618.6400146484375,618.6400146484375,208586300
2026-06-10,618.7899780273438,620.7000122070312,612.3099975585938,618.1699829101562,618.1699829101562,186091600
2026-06-11,618.1400146484375,624.8800048828125,618.1300048828125,621.530029296875,621.530029296875,203245400
2026-06-12,625.0399780273438,633.8499755859375,625.0399780273438,633.2100219726562,633.2100219726562,215030800
2026-06-15,636.7100219726562,641.6599731445312,634.1099853515625,634.4400024414062,634.4400024414062,196757800
2026-06-16,634.7999877929688,638.3800048828125,634.6799926757812,636,636,187341600
2026-06-17,635.9400024414062,639.3099975585938,635.3900146484375,639.3099975585938,639.3099975585938,189868500
2026-06-18,638.8800048828125,639.5999755859375,634.77001953125,637.1400146484375,637.1400146484375,236454400
2026-06-19,637.0999755859375,638.489990234375,635.2100219726562,635.6099853515625,635.6099853515625,406239500
2026-06-22,635.8499755859375,639.9400024414062,634.030029296875,639.27001953125,639.27001953125,206508600
2026-06-23,636.3599853515625,636.760009765625,630.8099975585938,634.6300048828125,634.6300048828125,184354500
2026-06-24,634.9000244140625,635.3499755859375,632.8400268554688,635.1599731445312,635.1599731445312,194211700
2026-06-25,635.6799926757812,642.0900268554688,635.6799926757812,640.2100219726562,640.2100219726562,200350800
2026-06-26,639.030029296875,639.030029296875,631.1799926757812,635.8800048828125,635.8800048828125,162519500
2026-06-29,636.0900268554688,637.5399780273438,634.0499877929688,636.1099853515625,636.1099853515625,147763700
2026-06-30,638.280029296875,643.5499877929688,638.280029296875,641.72998046875,641.72998046875,182932200
2026-07-01,641.5900268554688,641.6099853515625,637.2000122070312,639.3099975585938,639.3099975585938,177992900
2026-07-02,638.8800048828125,650.47998046875,638.0900268554688,648.3499755859375,648.3499755859375,186284800
2026-07-03,649.5499877929688,653.1900024414062,648.219970703125,652.77001953125,652.77001953125,111989800
2026-07-06,652.3800048828125,654.4400024414062,648.739990234375,650.5,650.5,131261600
2026-07-07,649.9199829101562,652.0999755859375,646.2899780273438,646.2899780273438,646.2899780273438,148104700
2026-07-08,645.3499755859375,645.3499755859375,633.9099731445312,635.9099731445312,635.9099731445312,178720700
2026-07-09,638.3599853515625,641.3599853515625,636.27001953125,640.8699951171875,640.8699951171875,132544900
2026-07-10,640.6300048828125,642.5999755859375,638.9199829101562,641.0999755859375,641.0999755859375,145452100
2026-07-13,639.030029296875,641.77001953125,638.4600219726562,641.010009765625,641.010009765625,130669700
2026-07-14,639.3400268554688,642.3400268554688,635.47998046875,642.0999755859375,642.0999755859375,155584000
2026-07-15,641.4299926757812,643.7999877929688,639.7100219726562,642.7100219726562,642.7100219726562,0
